{
    "version": 1,
    "revision": 0,
    "rules": [
        {
            "primary-output": "x64\\Release\\sdl3_windows.obj",
            "outputs": [
                "x64\\Release\\sdl3_windows.h_55C651A35CC689BA.ifc.dt.module.json",
                "x64\\Release\\sdl3_windows.h_55C651A35CC689BA.ifc.dt.d.json",
                "x64\\Release\\sdl3_windows.h.ifc"
            ],
            "provides": [
                {
                    "logical-name": "C:\\Users\\flose\\Downloads\\1\\SDL3Wrapper\\SDL3Wrapper\\SDL3Wrapper\\sdl3_windows.h",
                    "source-path": "c:\\users\\flose\\downloads\\1\\sdl3wrapper\\sdl3wrapper\\sdl3wrapper\\sdl3_windows.h",
                    "lookup-method": "absolute"
                }
            ],
            "requires": []
        }
    ]
}