{
    "version": 1,
    "revision": 0,
    "rules": [
        {
            "primary-output": "x64\\Release\\sdl3_windows.h.obj",
            "outputs": [
                "C:\\Users\\flose\\Downloads\\1\\SDL3Wrapper\\SDL3Wrapper\\SDL3Wrapper\\x64\\Release\\vc143.pdb",
                "x64\\Release\\",
                "C:\\Users\\flose\\Downloads\\1\\SDL3Wrapper\\SDL3Wrapper\\SDL3Wrapper\\x64\\Release\\sdl3_windows.h.ifc"
            ],
            "provides": [
                {
                    "logical-name": "sdl3_windows.h",
                    "source-path": "c:\\users\\flose\\downloads\\1\\sdl3wrapper\\sdl3wrapper\\sdl3wrapper\\sdl3_windows.h",
                    "lookup-method": "absolute"
                }
            ],
            "requires": []
        }
    ]
}